PLAYER_ID,PLAYER_NAME,TEAM_ABBREVIATION,TEAM_ID,GP,W,L,W_PCT,MIN,PTS,REB,AST,STL,BLK,TOV,FG_PCT,FG3_PCT,FT_PCT,PLUS_MINUS,salary
1630639,A.J. Lawson,TOR,1610612761,26,14,12,0.538,486.41,236,86,31,13,6,15,0.421,0.327,0.683,-17,660121.0
1631260,AJ Green,MIL,1610612749,73,44,29,0.603,1659.1416666666669,541,174,108,37,7,40,0.429,0.427,0.815,227,2301587.0
1642358,AJ Johnson,WAS,1610612764,29,8,21,0.276,638.3866666666667,220,59,76,12,3,35,0.385,0.267,0.865,-152,3090480.0
203932,Aaron Gordon,DEN,1610612743,51,33,18,0.647,1446.7166666666667,748,247,164,23,14,73,0.531,0.436,0.81,301,22841455.0
1628988,Aaron Holiday,HOU,1610612745,62,39,23,0.629,792.2466666666667,340,78,83,19,11,37,0.437,0.398,0.829,88,3080921.0
1630174,Aaron Nesmith,IND,1610612754,45,29,16,0.644,1121.618333333333,541,178,54,35,17,37,0.507,0.431,0.913,198,11000000.0
1630598,Aaron Wiggins,OKC,1610612760,76,62,14,0.816,1743.9,914,295,134,60,18,69,0.488,0.383,0.831,514,10102803.0
1641745,Adam Flagler,OKC,1610612760,37,34,3,0.919,202.965,65,27,12,8,3,4,0.26,0.194,0.5,7,
1641766,Adama Sanogo,CHI,1610612741,4,2,2,0.5,21.498333333333335,8,6,1,0,0,1,0.571,0.0,0.0,-5,
1641737,Adem Bona,PHI,1610612755,58,12,46,0.207,904.55,337,245,27,26,69,61,0.703,0.0,0.67,-112,1955377.0
1642349,Ajay Mitchell,OKC,1610612760,36,31,5,0.861,596.955,234,68,64,25,4,29,0.495,0.383,0.829,127,3000000.0
201143,Al Horford,BOS,1610612738,60,44,16,0.733,1658.5733333333333,538,369,128,36,51,46,0.423,0.363,0.895,397,5685000.0
202692,Alec Burks,MIA,1610612748,49,26,23,0.531,863.4966666666667,356,124,55,28,7,29,0.424,0.425,0.776,110,
1627936,Alex Caruso,OKC,1610612760,54,44,10,0.815,1040.635,382,159,137,87,30,37,0.446,0.353,0.824,321,18102100.0
1642505,Alex Ducas,OKC,1610612760,21,20,1,0.952,125.34166666666668,36,26,5,5,0,4,0.4,0.476,1.0,-22,
203458,Alex Len,LAL,1610612747,46,21,25,0.457,379.79,74,95,38,9,21,20,0.508,0.222,0.471,-153,
1642024,Alex Reese,PHI,1610612755,15,4,11,0.267,216.04666666666665,76,47,4,10,10,6,0.481,0.366,0.75,19,
1642259,Alex Sarr,WAS,1610612764,67,13,54,0.194,1814.2283333333332,869,435,161,44,101,114,0.394,0.308,0.679,-546,11808240.0
1631214,Alondes Williams,LAC,1610612746,1,0,1,0.0,3.716666666666667,5,0,1,0,0,0,1.0,1.0,0.0,6,136717.0
1630578,Alperen Sengun,HOU,1610612745,76,52,24,0.684,2394.9766666666665,1451,786,372,84,61,194,0.496,0.233,0.692,410,33944954.0
1641708,Amen Thompson,HOU,1610612745,69,43,26,0.623,2225.415,970,564,265,97,89,138,0.557,0.275,0.684,268,9690212.0
1629599,Amir Coffey,LAC,1610612746,72,41,31,0.569,1747.54,696,161,77,40,7,45,0.471,0.409,0.891,-66,2874436.0
203083,Andre Drummond,PHI,1610612755,40,12,28,0.3,750.6333333333333,293,310,34,39,18,55,0.5,0.15,0.622,-245,5000000.0
1641748,Andre Jackson Jr.,MIL,1610612749,67,39,28,0.582,980.0916666666668,230,182,83,34,14,58,0.477,0.395,0.5,-33,
1629614,Andrew Nembhard,IND,1610612754,65,44,21,0.677,1880.67,653,216,326,79,11,112,0.458,0.291,0.794,204,18102000.0
203952,Andrew Wiggins,MIA,1610612748,60,27,33,0.45,1842.2816666666668,1078,269,158,60,50,99,0.448,0.374,0.763,-100,28223215.0
1629014,Anfernee Simons,POR,1610612757,70,28,42,0.4,2291.8983333333335,1348,189,337,60,5,143,0.426,0.363,0.902,-220,27678571.0
1641710,Anthony Black,ORL,1610612753,78,39,39,0.5,1886.993333333333,736,230,240,86,48,139,0.423,0.318,0.761,-40,7970028.0
203076,Anthony Davis,DAL,1610612742,51,30,21,0.588,1705.4883333333332,1261,590,181,59,110,113,0.516,0.282,0.775,25,54126450.0
1630162,Anthony Edwards,MIN,1610612750,79,48,31,0.608,2871.0583333333334,2177,450,359,91,51,249,0.447,0.395,0.837,291,45550512.0
1630264,Anthony Gill,WAS,1610612764,51,7,44,0.137,397.575,129,66,16,9,2,10,0.489,0.323,0.66,-73,2667947.0
1641817,Anton Watson,NYK,1610612752,9,5,4,0.556,22.166666666666668,8,3,2,1,0,2,0.444,0.0,0.0,-9,
1641810,Antonio Reeves,NOP,1610612740,44,6,38,0.136,659.5583333333333,305,63,39,21,4,30,0.456,0.395,0.8,-150,
1630574,Ariel Hukporti,NYK,1610612752,25,17,8,0.68,217.365,48,51,11,1,15,21,0.677,0.0,0.462,-63,1955377.0
1642422,Armel Traore,LAL,1610612747,9,5,4,0.556,66.66666666666667,14,15,1,4,2,3,0.316,0.0,0.286,-49,
1641709,Ausar Thompson,DET,1610612765,59,34,25,0.576,1327.715,594,303,134,98,40,80,0.535,0.224,0.641,67,8775162.0
1630559,Austin Reaves,LAL,1610612747,73,46,27,0.63,2550.0916666666667,1475,329,421,81,22,177,0.46,0.377,0.877,195,13937574.0
1630245,Ayo Dosunmu,CHI,1610612741,46,17,29,0.37,1393.8833333333334,566,161,208,43,18,69,0.492,0.328,0.785,-234,7518518.0
1628389,Bam Adebayo,MIA,1610612748,78,36,42,0.462,2673.693333333333,1410,749,337,98,53,161,0.485,0.357,0.765,27,37096620.0
1631248,Baylor Scheierman,BOS,1610612738,31,27,4,0.871,383.8883333333333,113,65,33,17,2,12,0.355,0.317,0.75,29,2619000.0
1641767,Ben Sheppard,IND,1610612754,63,40,23,0.635,1229.5583333333334,332,177,85,38,14,22,0.418,0.342,0.889,-59,2790720.0
1627732,Ben Simmons,LAC,1610612746,51,26,25,0.51,1119.6933333333334,256,241,285,38,23,102,0.52,0.0,0.727,-56,
1631097,Bennedict Mathurin,IND,1610612754,72,43,29,0.597,2149.318333333333,1156,383,136,47,24,135,0.458,0.34,0.831,94,9187573.0
1641731,Bilal Coulibaly,WAS,1610612764,59,13,46,0.22,1947.506666666667,727,294,199,78,41,125,0.421,0.281,0.746,-587,7275682.0
202687,Bismack Biyombo,SAS,1610612759,28,10,18,0.357,527.4866666666667,144,158,31,16,23,27,0.588,0.0,0.4,-100,3634153.0
1631104,Blake Wesley,SAS,1610612759,58,23,35,0.397,683.1066666666667,217,61,114,37,6,54,0.435,0.293,0.623,-9,3347458.0
1626171,Bobby Portis,MIL,1610612749,49,30,19,0.612,1243.68,680,411,104,35,26,57,0.466,0.365,0.836,95,13445754.0
1641752,Bobi Klintman,DET,1610612765,8,4,4,0.5,42.38166666666667,15,7,7,2,1,1,0.6,0.4,0.5,0,1955377.0
203992,Bogdan Bogdanovic,LAC,1610612746,54,33,21,0.611,1347.6583333333333,583,159,146,41,11,74,0.427,0.363,0.879,106,16020000.0
1629626,Bol Bol,PHX,1610612756,36,10,26,0.278,448.48333333333335,244,104,22,9,25,20,0.525,0.344,0.769,-37,
1630538,Bones Hyland,MIN,1610612750,24,11,13,0.458,238.77,149,25,32,18,4,25,0.398,0.39,0.885,-31,2461463.0
203078,Bradley Beal,PHX,1610612756,53,22,31,0.415,1702.1916666666666,902,177,195,58,28,99,0.497,0.386,0.803,-273,19383010.0
1642382,Branden Carlson,OKC,1610612760,32,29,3,0.906,246.40333333333336,122,54,14,5,21,7,0.443,0.333,0.778,41,
1641764,Brandin Podziemski,GSW,1610612744,64,38,26,0.594,1716.3483333333334,747,325,220,69,13,75,0.445,0.372,0.758,261,3687960.0
1630527,Brandon Boston,NOP,1610612740,42,8,34,0.19,992.78,448,134,92,53,9,52,0.436,0.35,0.788,-140,
1629634,Brandon Clarke,MEM,1610612763,64,40,24,0.625,1206.861666666667,534,326,66,52,36,41,0.621,0.059,0.701,181,12500000.0
1627742,Brandon Ingram,TOR,1610612761,18,5,13,0.278,595.0316666666666,400,100,93,16,11,69,0.465,0.374,0.855,-128,38095238.0
1641706,Brandon Miller,CHA,1610612766,27,8,19,0.296,923.565,568,131,98,29,20,76,0.403,0.355,0.861,-124,11968400.0
1630314,Brandon Williams,DAL,1610612742,33,15,18,0.455,487.13,275,58,76,24,5,39,0.521,0.4,0.833,10,2270735.0
1630296,Braxton Key,GSW,1610612744,3,3,0,1.0,10.825,3,2,0,2,0,1,0.0,0.0,0.5,-8,
1641729,Brice Sensabaugh,UTA,1610612762,71,14,57,0.197,1431.9216666666666,772,210,110,46,8,107,0.459,0.422,0.89,-285,2693460.0
1642355,Bronny James,LAL,1610612747,27,17,10,0.63,181.24333333333337,62,18,22,9,3,13,0.313,0.281,0.786,-71,1955377.0
201572,Brook Lopez,MIL,1610612749,80,47,33,0.588,2546.07,1041,401,143,50,148,84,0.509,0.373,0.826,134,8750000.0
1628971,Bruce Brown,NOP,1610612740,41,15,26,0.366,921.53,340,164,84,34,10,39,0.421,0.333,0.815,-226,3080921.0
1628981,Bruno Fernando,TOR,1610612761,17,2,15,0.118,146.58,58,51,18,4,9,14,0.531,0.0,0.75,-22,
1631121,Bryce McGowens,POR,1610612757,13,8,5,0.615,32.016666666666666,13,3,2,1,0,4,0.286,0.0,0.833,-4,1106635.0
1642267,Bub Carrington,WAS,1610612764,82,18,64,0.22,2457.79,807,341,364,54,21,141,0.401,0.339,0.812,-798,
1627741,Buddy Hield,GSW,1610612744,82,48,34,0.585,1862.9883333333332,912,264,134,69,23,91,0.417,0.37,0.828,141,9219512.0
203468,CJ McCollum,NOP,1610612740,56,17,39,0.304,1831.6783333333333,1183,212,227,46,24,106,0.444,0.373,0.717,-279,30666666.0
1630595,Cade Cunningham,DET,1610612765,70,38,32,0.543,2451.9466666666667,1830,425,638,71,53,309,0.469,0.356,0.846,175,46394100.0
1631216,Caleb Houstan,ORL,1610612753,58,29,29,0.5,787.99,239,75,35,22,6,13,0.421,0.4,0.882,-66,1117089.0
1628997,Caleb Martin,DAL,1610612742,45,17,28,0.378,1218.0166666666669,356,177,95,46,23,56,0.424,0.359,0.622,-155,9594044.0
1642353,Cam Christie,LAC,1610612746,13,10,3,0.769,58.64833333333333,18,12,6,5,1,2,0.292,0.154,0.5,-10,1955377.0
1629629,Cam Reddish,LAL,1610612747,33,15,18,0.455,589.45,105,66,22,33,10,12,0.404,0.277,0.615,-91,
1642285,Cam Spencer,MEM,1610612763,25,14,11,0.56,252.24333333333337,106,30,34,9,1,6,0.415,0.365,1.0,40,2537989.0
1630560,Cam Thomas,BKN,1610612751,25,8,17,0.32,781.1566666666666,599,83,94,15,2,62,0.438,0.349,0.881,-92,5993172.0
1641715,Cam Whitmore,HOU,1610612745,51,30,21,0.588,826.585,477,151,49,31,13,46,0.444,0.355,0.75,-1,
1629661,Cameron Johnson,BKN,1610612751,57,21,36,0.368,1799.763333333333,1070,247,194,53,25,99,0.475,0.39,0.893,-200,21057065.0
1626166,Cameron Payne,NYK,1610612752,72,46,26,0.639,1089.9766666666667,500,104,203,39,16,52,0.401,0.363,0.907,204,1127841.0
1627747,Caris LeVert,ATL,1610612737,64,46,18,0.719,1596.1066666666666,776,203,215,57,33,76,0.467,0.373,0.71,258,14104000.0
1641717,Cason Wallace,OKC,1610612760,68,55,13,0.809,1876.26,568,229,173,120,35,59,0.474,0.356,0.811,369,5820487.0
1629646,Charles Bassey,SAS,1610612759,36,14,22,0.389,375.515,157,152,17,14,30,23,0.581,0.0,0.636,-129,282926.0
1631096,Chet Holmgren,OKC,1610612760,32,26,6,0.813,876.54,479,257,63,23,71,56,0.49,0.379,0.754,294,13731368.0
1628449,Chris Boucher,TOR,1610612761,50,18,32,0.36,862.3,502,224,33,24,25,29,0.492,0.363,0.782,5,3287409.0
1630537,Chris Duarte,CHI,1610612741,17,4,13,0.235,74.46833333333333,36,20,9,0,0,1,0.462,0.4,0.75,12,
1641753,Chris Livingston,MIL,1610612749,21,15,6,0.714,105.81,30,35,5,5,0,6,0.333,0.0,0.75,-29,2296274.0
101108,Chris Paul,SAS,1610612759,82,34,48,0.415,2292.1633333333334,723,296,605,103,22,129,0.427,0.377,0.924,4,3634153.0
1631128,Christian Braun,DEN,1610612743,79,48,31,0.608,2675.383333333333,1218,410,205,85,37,81,0.58,0.397,0.827,480,4921797.0
1631132,Christian Koloko,LAL,1610612747,37,23,14,0.622,341.53,90,92,16,8,16,12,0.606,0.0,0.714,-7,273434.0
1629643,Chuma Okeke,CLE,1610612739,9,2,7,0.222,196.68,53,47,15,5,4,3,0.5,0.393,0.667,-28,
203991,Clint Capela,ATL,1610612737,55,27,28,0.491,1176.4333333333334,488,469,62,34,53,47,0.559,0.0,0.536,-79,6700000.0
1629632,Coby White,CHI,1610612741,74,35,39,0.473,2450.2566666666667,1509,273,330,69,16,177,0.453,0.37,0.902,-141,12888889.0
1628998,Cody Martin,PHX,1610612756,53,16,37,0.302,1173.2066666666667,358,224,105,56,32,51,0.418,0.285,0.705,-105,165197.0
1642262,Cody Williams,UTA,1610612762,50,9,41,0.18,1059.611666666667,230,113,59,23,16,44,0.323,0.259,0.725,-339,5742480.0
1641732,Colby Jones,WAS,1610612764,39,12,27,0.308,514.6483333333333,157,87,44,26,13,23,0.457,0.327,0.657,-112,85300.0
1630175,Cole Anthony,MEM,1610612763,67,35,32,0.522,1234.1133333333332,630,204,191,45,32,103,0.424,0.353,0.823,-16,3700000.0
1631306,Cole Swider,IND,1610612754,10,5,5,0.5,169.5,59,27,3,4,2,4,0.349,0.319,0.0,54,
1630658,Colin Castleton,TOR,1610612761,26,15,11,0.577,431.99,123,122,28,8,10,23,0.469,0.125,0.763,-30,
1631221,Collin Gillespie,PHX,1610612756,33,12,21,0.364,461.2183333333333,194,78,78,21,5,17,0.43,0.433,0.864,-29,2378870.0
1629012,Collin Sexton,UTA,1610612762,63,14,49,0.222,1757.76,1159,171,264,47,6,160,0.48,0.406,0.865,-286,19175000.0
1630557,Corey Kispert,WAS,1610612764,61,14,47,0.23,1601.5233333333333,705,181,103,26,14,64,0.451,0.364,0.852,-274,13975000.0
202709,Cory Joseph,ORL,1610612753,50,26,24,0.52,611.7333333333333,177,74,72,26,4,18,0.403,0.364,0.778,35,
1641854,Craig Porter Jr.,CLE,1610612739,51,40,11,0.784,513.265,188,67,71,17,15,38,0.514,0.438,0.719,-45,2221677.0
1642385,Cui Cui,BKN,1610612751,5,2,3,0.4,10.318333333333332,3,2,0,0,0,0,0.143,0.0,0.5,2,
1626156,D'Angelo Russell,BKN,1610612751,58,26,32,0.448,1480.4183333333333,732,162,297,56,23,108,0.39,0.314,0.834,0,5685000.0
1630618,D.J. Carton,TOR,1610612761,4,1,3,0.25,33.38666666666666,3,4,3,2,0,4,0.143,0.0,1.0,12,
1629610,DaQuan Jeffries,CHA,1610612766,47,9,38,0.191,1071.506666666667,315,135,53,26,25,35,0.405,0.335,0.8,-276,165197.0
1631342,Daeqwon Plowden,ATL,1610612737,6,3,3,0.5,71.55,43,11,2,0,0,4,0.64,0.529,1.0,29,
1630227,Daishen Nix,MIN,1610612750,3,3,0,1.0,13.233333333333333,1,4,3,0,0,4,0.0,0.0,0.5,9,
1630625,Dalano Banton,POR,1610612757,67,28,39,0.418,1119.945,559,135,160,43,34,86,0.391,0.324,0.728,-55,169756.0
1631207,Dalen Terry,CHI,1610612741,73,33,40,0.452,987.1783333333332,326,124,97,44,15,53,0.448,0.356,0.71,-172,5399118.0
1642261,Dalton Knecht,LAL,1610612747,78,47,31,0.603,1493.795,706,216,66,24,8,37,0.461,0.376,0.762,-73,4010160.0
203081,Damian Lillard,MIL,1610612749,58,32,26,0.552,2092.87,1447,272,410,70,10,162,0.448,0.376,0.921,53,22516603.0
1641878,Damion Baugh,CHA,1610612766,15,1,14,0.067,370.48833333333334,109,50,56,15,2,31,0.323,0.214,0.867,-169,
1627814,Damion Lee,PHX,1610612756,25,6,19,0.24,144.01833333333337,83,20,11,6,0,10,0.365,0.243,0.952,25,
1629655,Daniel Gafford,DAL,1610612742,57,28,29,0.491,1226.095,701,388,80,23,102,66,0.702,0.0,0.689,35,14386320.0
1628464,Daniel Theis,NOP,1610612740,38,10,28,0.263,621.2416666666667,162,164,60,18,20,25,0.473,0.243,0.838,-61,
1642450,Daniss Jenkins,DET,1610612765,7,3,4,0.429,22.748333333333335,7,2,3,0,0,1,0.3,0.143,0.0,-9,4169843.0
203957,Dante Exum,DAL,1610612742,20,7,13,0.35,372.31,174,33,56,12,3,22,0.478,0.434,0.742,-48,3303774.0
203967,Dario Saric,DEN,1610612743,16,7,9,0.438,210.38333333333333,56,50,23,7,1,15,0.362,0.269,0.7,-49,5426400.0
1641727,Dariq Whitehead,BKN,1610612751,20,6,14,0.3,246.07833333333335,114,29,12,6,1,15,0.406,0.446,0.6,-64,3262560.0
1629636,Darius Garland,CLE,1610612739,75,60,15,0.8,2300.77,1544,214,506,91,11,189,0.472,0.401,0.878,499,39446090.0
1630561,David Duke Jr.,SAS,1610612759,6,0,6,0.0,33.71666666666667,16,5,4,1,0,2,0.429,0.5,0.5,28,
1631223,David Roddy,HOU,1610612745,33,9,24,0.273,409.7533333333334,153,84,35,14,9,22,0.456,0.311,0.769,-76,85300.0
1630558,Davion Mitchell,MIA,1610612748,74,25,49,0.338,2027.3133333333333,588,167,363,72,16,128,0.468,0.398,0.69,-3,11600000.0
1630549,Day'Ron Sharpe,BKN,1610612751,50,14,36,0.28,907.4583333333334,397,330,91,41,42,63,0.521,0.244,0.757,64,6250000.0
1628368,De'Aaron Fox,SAS,1610612759,62,27,35,0.435,2241.1366666666668,1459,298,392,91,25,174,0.463,0.31,0.827,-69,37096620.0
1629631,De'Andre Hunter,CLE,1610612739,64,38,26,0.594,1740.015,1088,258,92,50,13,82,0.47,0.405,0.846,88,23303571.0
1629001,De'Anthony Melton,BKN,1610612751,6,4,2,0.667,120.98333333333332,62,20,17,7,2,10,0.407,0.371,0.625,27,3080921.0
201599,DeAndre Jordan,DEN,1610612743,56,37,19,0.661,690.7016666666667,209,284,53,16,27,40,0.65,0.0,0.422,-47,3571495.0
201942,DeMar DeRozan,SAC,1610612758,77,38,39,0.494,2767.615,1710,298,342,62,32,105,0.477,0.328,0.857,110,24570000.0
1629731,Dean Wade,CLE,1610612739,59,47,12,0.797,1252.4516666666666,320,249,76,42,20,22,0.413,0.36,0.533,284,6623456.0
1629028,Deandre Ayton,POR,1610612757,40,17,23,0.425,1205.62,576,406,64,31,39,69,0.566,0.188,0.667,-162,25550814.0
1627749,Dejounte Murray,NOP,1610612740,31,9,22,0.29,1012.1483333333332,542,200,228,63,12,106,0.393,0.299,0.823,-207,30801103.0
1626153,Delon Wright,NYK,1610612752,40,22,18,0.55,634.4966666666667,125,66,77,35,12,22,0.344,0.274,0.6,1,
1630166,Deni Avdija,POR,1610612757,72,33,39,0.458,2161.1483333333335,1219,522,281,71,35,196,0.476,0.365,0.78,-78,14375000.0
203471,Dennis Schroder,DET,1610612765,75,37,38,0.493,2104.778333333333,980,198,404,66,12,142,0.406,0.342,0.838,-72,
1641726,Dereck Lively II,DAL,1610612742,36,21,15,0.583,832.7366666666667,314,270,85,20,56,41,0.702,0.0,0.63,121,5253191.0
1627884,Derrick Jones Jr.,LAC,1610612746,77,48,29,0.623,1873.388333333333,781,263,60,79,33,66,0.526,0.356,0.703,249,10000000.0
1628401,Derrick White,BOS,1610612738,76,58,18,0.763,2573.615,1248,341,361,72,80,131,0.442,0.384,0.839,540,28100000.0
1630217,Desmond Bane,ORL,1610612753,69,38,31,0.551,2205.225,1327,418,369,80,28,169,0.484,0.392,0.894,143,36725670.0
1626164,Devin Booker,PHX,1610612756,75,35,40,0.467,2794.9666666666667,1923,305,529,67,16,220,0.461,0.332,0.894,-177,53142264.0
1642269,Devin Carter,SAC,1610612758,36,18,18,0.5,395.9433333333333,138,76,41,21,4,18,0.37,0.295,0.591,43,4923720.0
1630170,Devin Vassell,SAS,1610612759,64,24,40,0.375,1983.185,1041,255,183,84,33,88,0.443,0.368,0.792,-262,27000000.0
1628415,Dillon Brooks,HOU,1610612745,75,49,26,0.653,2388.2616666666668,1053,275,128,60,16,76,0.429,0.397,0.818,207,22124110.0
1641794,Dillon Jones,OKC,1610612760,54,45,9,0.833,551.4933333333333,135,121,58,16,4,28,0.383,0.254,0.607,75,2753280.0
1627734,Domantas Sabonis,SAC,1610612758,70,36,34,0.514,2428.8766666666666,1337,972,423,48,26,202,0.59,0.417,0.754,144,42336000.0
1631230,Dominick Barlow,ATL,1610612737,35,13,22,0.371,374.99833333333333,148,85,19,9,16,5,0.531,0.259,0.636,-2,3765668.0
1642270,Donovan Clingan,POR,1610612757,67,29,38,0.433,1323.6433333333334,436,527,77,34,110,72,0.539,0.286,0.596,-2,7178400.0
1628378,Donovan Mitchell,CLE,1610612739,71,55,16,0.775,2232.0333333333333,1701,322,354,95,17,149,0.443,0.368,0.823,522,46394100.0
1628978,Donte DiVincenzo,MIN,1610612750,62,37,25,0.597,1605.7333333333331,723,228,225,73,17,99,0.422,0.397,0.778,174,11990000.0
1627827,Dorian Finney-Smith,LAL,1610612747,63,36,27,0.571,1818.6783333333333,549,247,90,58,23,56,0.448,0.411,0.667,309,12700000.0
203926,Doug McDermott,SAC,1610612758,42,21,21,0.5,341.65166666666664,147,22,7,4,2,6,0.427,0.436,0.6,27,3634153.0
203110,Draymond Green,GSW,1610612744,68,42,26,0.618,1983.3066666666664,613,414,383,99,70,174,0.424,0.325,0.687,275,25892857.0
1629234,Drew Eubanks,LAC,1610612746,61,25,36,0.41,746.01,280,226,54,12,39,41,0.593,0.5,0.662,-126,3080921.0
1641809,Drew Peterson,BOS,1610612738,25,17,8,0.68,186.14666666666668,54,40,13,5,2,8,0.415,0.394,0.778,46,209114.0
1631166,Drew Timme,BKN,1610612751,9,3,6,0.333,253.87833333333333,109,65,20,4,1,15,0.441,0.257,0.625,-66,
1630696,Dru Smith,MIA,1610612748,14,8,6,0.571,268.205,87,36,23,21,6,17,0.508,0.533,0.75,38,2378870.0
1629130,Duncan Robinson,MIA,1610612748,74,30,44,0.405,1785.595,817,167,176,40,6,86,0.437,0.393,0.887,66,16834692.0
1641871,Duop Reath,POR,1610612757,46,19,27,0.413,469.4266666666667,194,92,26,12,14,16,0.422,0.321,0.909,-55,2221677.0
203939,Dwight Powell,DAL,1610612742,55,25,30,0.455,550.86,114,118,55,18,21,18,0.689,0.4,0.651,-14,4000000.0
1630700,Dyson Daniels,ATL,1610612737,76,37,39,0.487,2571.17,1073,449,333,229,55,155,0.493,0.34,0.593,-65,7707709.0
1630604,E.J. Liddell,CHI,1610612741,12,6,6,0.5,52.85666666666667,21,9,3,1,1,2,0.533,0.3,1.0,-8,706898.0
203901,Elfrid Payton,NOP,1610612740,24,3,21,0.125,510.805,85,79,166,24,11,59,0.328,0.167,0.571,-149,
1641989,Elijah Harkless,UTA,1610612762,10,1,9,0.1,138.0,32,21,8,10,1,3,0.314,0.28,0.5,31,
1641801,Emanuel Miller,CHI,1610612741,6,4,2,0.667,24.733333333333334,10,8,2,1,0,0,0.5,0.0,1.0,-8,636434.0
1641734,Emoni Bates,CLE,1610612739,10,9,1,0.9,74.78333333333333,37,7,8,1,1,2,0.342,0.367,0.0,-34,
1642402,Enrique Freeman,IND,1610612754,22,7,15,0.318,181.205,46,30,9,3,3,6,0.432,0.1,0.684,-19,
201569,Eric Gordon,PHI,1610612755,39,12,27,0.308,768.4916666666667,266,46,65,26,12,28,0.426,0.409,0.75,-72,3634153.0
1630596,Evan Mobley,CLE,1610612739,71,58,13,0.817,2166.555,1316,659,226,61,113,145,0.557,0.37,0.725,546,46394100.0
1630532,Franz Wagner,ORL,1610612753,60,33,27,0.55,2023.3066666666664,1449,342,284,75,21,138,0.463,0.295,0.871,247,38661700.0
1627832,Fred VanVleet,HOU,1610612745,60,41,19,0.683,2111.298333333333,844,221,333,94,25,87,0.378,0.345,0.81,264,25000000.0
1641713,GG Jackson,MEM,1610612763,29,19,10,0.655,458.615,209,92,29,12,5,31,0.372,0.337,0.725,-68,2221677.0
1629216,Gabe Vincent,LAL,1610612747,72,46,26,0.639,1527.265,460,92,98,51,13,41,0.4,0.353,0.714,48,11500000.0
202066,Garrett Temple,TOR,1610612761,28,11,17,0.393,226.76833333333337,53,29,31,17,2,10,0.3,0.214,0.917,-28,3634153.0
1629726,Garrison Mathews,ATL,1610612737,47,21,26,0.447,829.5083333333333,353,87,60,26,15,31,0.397,0.39,0.821,-60,462553.0
203914,Gary Harris,ORL,1610612753,48,28,20,0.583,710.71,145,64,30,26,12,17,0.383,0.356,0.583,86,3634153.0
1627780,Gary Payton II,GSW,1610612744,62,36,26,0.581,927.1766666666666,400,185,83,52,17,39,0.574,0.326,0.711,45,3303774.0
1629018,Gary Trent Jr.,MIL,1610612749,74,44,30,0.595,1893.395,824,168,87,72,4,42,0.431,0.416,0.848,70,
1627777,Georges Niang,ATL,1610612737,79,55,24,0.696,1697.2333333333331,784,272,111,28,14,82,0.461,0.406,0.793,194,8200000.0
203507,Giannis Antetokounmpo,MIL,1610612749,67,40,27,0.597,2288.63,2036,798,433,58,78,206,0.601,0.222,0.617,334,54126450.0
1629048,Goga Bitadze,ORL,1610612753,70,38,32,0.543,1429.4616666666666,502,463,137,49,98,72,0.611,0.107,0.639,80,8333333.0
1641711,Gradey Dick,TOR,1610612761,54,15,39,0.278,1587.3733333333332,777,193,98,48,10,83,0.41,0.35,0.858,-210,4990379.0
1629684,Grant Williams,CHA,1610612766,16,6,10,0.375,479.025,166,82,37,18,13,28,0.439,0.365,0.838,10,13645500.0
1628960,Grayson Allen,PHX,1610612756,64,29,35,0.453,1543.705,680,194,137,54,19,75,0.448,0.426,0.816,-79,16875000.0
1627824,Guerschon Yabusele,PHI,1610612755,70,23,47,0.329,1894.736666666667,768,395,148,58,24,87,0.501,0.38,0.725,-118,5500000.0
1630611,Gui Santos,GSW,1610612744,56,36,20,0.643,761.5233333333333,227,172,80,25,10,42,0.458,0.33,0.69,165,2221677.0
203084,Harrison Barnes,SAS,1610612759,82,34,48,0.415,2230.0633333333335,1011,310,136,39,14,50,0.508,0.433,0.809,-25,19000000.0
1631127,Harrison Ingram,SAS,1610612759,5,0,5,0.0,34.75,4,9,3,3,0,1,0.5,0.0,0.0,30,
1629312,Haywood Highsmith,MIA,1610612748,74,35,39,0.473,1818.3266666666664,478,252,112,68,37,54,0.458,0.382,0.721,61,5616000.0
1630529,Herbert Jones,NOP,1610612740,20,5,15,0.25,648.1316666666667,205,78,65,37,9,35,0.436,0.306,0.825,-20,
1641816,Hunter Tyson,DEN,1610612743,51,30,21,0.588,399.935,134,78,20,10,6,14,0.375,0.311,0.75,-98,2221677.0
1630193,Immanuel Quickley,TOR,1610612761,33,12,21,0.364,917.7533333333332,564,117,191,23,4,58,0.42,0.378,0.867,-39,32500000.0
1642403,Isaac Jones,SAC,1610612758,40,19,21,0.475,303.86333333333334,134,57,12,5,10,16,0.651,0.375,0.639,-64,2158057.0
1630171,Isaac Okoro,CLE,1610612739,55,44,11,0.8,1053.2033333333334,337,130,68,32,16,23,0.464,0.371,0.717,253,11000000.0
1642268,Isaiah Collier,UTA,1610612762,71,14,57,0.197,1839.1066666666663,615,235,446,66,16,208,0.422,0.249,0.682,-403,2638200.0
1642384,Isaiah Crawford,SAC,1610612758,15,7,8,0.467,45.666666666666664,13,8,1,1,2,1,0.455,0.2,0.5,23,
1628392,Isaiah Hartenstein,OKC,1610612760,57,49,8,0.86,1589.6416666666669,637,611,219,47,62,96,0.581,0.0,0.675,417,28500000.0
1630543,Isaiah Jackson,IND,1610612754,5,1,4,0.2,83.88,35,28,5,3,8,5,0.609,0.0,0.5,10,7600000.0
1630198,Isaiah Joe,OKC,1610612760,74,63,11,0.851,1603.9766666666667,756,196,119,48,9,38,0.44,0.412,0.821,550,12362338.0
1630600,Isaiah Mobley,PHI,1610612755,1,0,1,0.0,17.366666666666667,6,4,5,1,1,0,0.286,0.333,0.5,-6,
1641815,Isaiah Stevens,MIA,1610612748,3,3,0,1.0,5.55,0,2,0,1,0,0,0.0,0.0,0.0,4,
1630191,Isaiah Stewart,DET,1610612765,72,38,34,0.528,1433.8483333333334,435,399,123,28,101,68,0.559,0.321,0.759,9,15000000.0
1631209,Isaiah Wong,CHA,1610612766,20,2,18,0.1,265.50333333333333,120,32,28,11,0,18,0.39,0.394,0.735,-6,
1627826,Ivica Zubac,LAC,1610612746,80,50,30,0.625,2624.1766666666667,1340,1010,214,55,90,127,0.628,0.0,0.661,514,18102000.0
1631120,JD Davison,BOS,1610612738,16,13,3,0.813,92.915,33,13,13,5,1,13,0.353,0.222,0.714,-28,625726.0
1630550,JT Thor,WAS,1610612764,20,10,10,0.5,249.31666666666663,71,48,6,8,9,9,0.424,0.286,0.682,-96,
1629630,Ja Morant,MEM,1610612763,50,30,20,0.6,1519.11,1159,205,364,61,12,185,0.454,0.309,0.824,226,39446090.0
1642266,Ja'Kobe Walter,TOR,1610612761,52,19,33,0.365,1103.235,449,160,81,43,10,50,0.405,0.349,0.795,-83,3638160.0
1631095,Jabari Smith Jr.,HOU,1610612745,57,40,17,0.702,1715.5783333333334,698,399,60,25,41,61,0.438,0.354,0.825,250,12350392.0
1631133,Jabari Walker,POR,1610612757,60,23,37,0.383,749.165,313,211,37,33,6,34,0.515,0.389,0.69,15,1117089.0
1629098,Jack McVeigh,HOU,1610612745,9,5,4,0.556,43.25,14,5,1,0,2,2,0.294,0.308,0.0,-10,
1642050,Jackson Rowe,GSW,1610612744,6,4,2,0.667,51.73166666666667,22,11,4,4,0,1,0.471,0.3,0.5,23,135120.0
1631210,Jacob Toppin,ATL,1610612737,17,13,4,0.765,75.15,23,15,6,2,0,3,0.409,0.5,0.0,-25,180160.0
1630702,Jaden Hardy,DAL,1610612742,57,30,27,0.526,907.4383333333334,496,89,81,28,5,82,0.435,0.386,0.698,-65,6000000.0
1631093,Jaden Ivey,DET,1610612765,30,14,16,0.467,898.0333333333333,528,124,119,28,11,89,0.46,0.409,0.733,-62,10107163.0
1630183,Jaden McDaniels,MIN,1610612750,82,49,33,0.598,2614.41,1000,470,163,110,74,95,0.477,0.33,0.813,172,24393104.0
1630531,Jaden Springer,UTA,1610612762,43,22,21,0.512,365.175,109,58,33,24,4,16,0.389,0.25,0.711,-32,70732.0
203109,Jae Crowder,SAC,1610612758,9,3,6,0.333,102.76166666666668,23,20,6,3,0,4,0.318,0.267,0.833,-18,
1630256,Jae'Sean Tate,HOU,1610612745,52,38,14,0.731,588.11,188,117,47,26,7,22,0.473,0.348,0.681,51,2667947.0
1626143,Jahlil Okafor,IND,1610612754,1,0,1,0.0,3.3666666666666667,0,1,1,0,0,0,0.0,0.0,0.0,5,
1642443,Jahmir Young,CHI,1610612741,6,4,2,0.667,29.666666666666668,11,3,6,0,0,1,0.8,0.5,1.0,-7,656323.0
1631170,Jaime Jaquez Jr.,MIA,1610612748,66,32,34,0.485,1368.38,570,290,166,61,14,98,0.461,0.311,0.754,-152,3861600.0
1631222,Jake LaRavia,SAC,1610612758,66,40,26,0.606,1349.28,458,259,158,62,23,86,0.475,0.423,0.678,126,6000000.0
1627751,Jakob Poeltl,TOR,1610612761,57,21,36,0.368,1685.7483333333332,824,547,158,66,71,111,0.627,0.333,0.674,-37,19500000.0
1641779,Jalen Bridges,PHX,1610612756,8,1,7,0.125,30.373333333333335,9,4,0,0,0,4,0.286,0.286,0.75,7,
1628973,Jalen Brunson,NYK,1610612752,65,40,25,0.615,2300.7083333333335,1690,187,475,60,8,164,0.488,0.383,0.821,146,34944001.0
1631105,Jalen Duren,DET,1610612765,78,43,35,0.551,2033.5483333333336,918,807,209,54,89,136,0.692,0.0,0.669,36,6483144.0
1630224,Jalen Green,HOU,1610612745,82,52,30,0.634,2697.11,1723,377,282,71,27,203,0.423,0.354,0.813,166,33333333.0
1641720,Jalen Hood-Schifino,PHI,1610612755,15,3,12,0.2,314.6766666666667,106,27,37,5,7,18,0.378,0.304,0.857,-96,
1630552,Jalen Johnson,ATL,1610612737,36,18,18,0.5,1284.1783333333333,680,359,181,56,36,106,0.5,0.312,0.746,55,30000000.0
1629667,Jalen McDaniels,SAC,1610612758,4,2,2,0.5,7.335,0,0,1,1,0,0,0.0,0.0,0.0,-1,
1629618,Jalen Pickett,DEN,1610612743,49,31,18,0.633,666.19,200,71,107,19,5,24,0.428,0.396,0.75,52,2221677.0
1630188,Jalen Smith,CHI,1610612741,64,28,36,0.438,962.3833333333332,524,357,65,17,44,37,0.466,0.324,0.809,-36,9000000.0
1630591,Jalen Suggs,ORL,1610612753,35,20,15,0.571,1002.4533333333334,567,141,129,51,33,102,0.41,0.314,0.882,3,35000000.0
1631114,Jalen Williams,OKC,1610612760,69,55,14,0.797,2236.673333333333,1490,369,354,111,46,150,0.484,0.365,0.789,456,6580997.0
1630592,Jalen Wilson,BKN,1610612751,79,25,54,0.316,2031.3866666666668,749,270,145,40,5,79,0.397,0.337,0.818,-262,2221677.0
1631288,Jamal Cain,NOP,1610612740,37,6,31,0.162,501.79833333333335,196,85,22,23,9,22,0.43,0.325,0.68,-132,813908.0
1627750,Jamal Murray,DEN,1610612743,67,41,26,0.612,2418.346666666667,1436,261,403,91,33,138,0.474,0.393,0.886,331,46394100.0
1642347,Jamal Shead,TOR,1610612761,75,28,47,0.373,1466.825,533,115,316,58,10,117,0.405,0.323,0.768,-234,1955377.0
1631123,Jamaree Bouyea,MIL,1610612749,5,4,1,0.8,61.7,17,5,10,4,2,8,0.5,0.2,0.667,2,878375.0
201935,James Harden,LAC,1610612746,79,50,29,0.633,2789.036666666667,1802,456,687,118,55,341,0.41,0.352,0.874,344,39182693.0
201949,James Johnson,IND,1610612754,12,5,7,0.417,36.61666666666667,8,6,4,0,2,4,0.364,0.0,0.0,-9,
1630164,James Wiseman,IND,1610612754,1,1,0,1.0,4.633333333333334,6,1,0,0,0,0,0.5,0.0,1.0,-4,1000000.0
1642419,Jamison Battle,TOR,1610612761,59,21,38,0.356,1041.6783333333333,419,158,53,17,10,27,0.429,0.405,0.889,-183,1955377.0
1641716,Jarace Walker,IND,1610612754,75,45,30,0.6,1186.62,461,229,110,54,25,78,0.472,0.405,0.667,-146,6665406.0
1630215,Jared Butler,PHI,1610612755,60,6,54,0.1,1043.735,541,110,220,42,13,80,0.448,0.355,0.824,-131,
1642272,Jared McCain,PHI,1610612755,23,7,16,0.304,591.7916666666666,352,56,60,15,0,37,0.46,0.383,0.875,-27,4221360.0
1631197,Jared Rhoden,TOR,1610612761,14,8,6,0.571,226.16333333333333,118,42,16,10,2,9,0.483,0.308,0.88,64,
1628991,Jaren Jackson Jr.,MEM,1610612763,74,42,32,0.568,2206.951666666667,1641,417,148,92,113,153,0.488,0.375,0.781,331,
1629020,Jarred Vanderbilt,LAL,1610612747,36,25,11,0.694,580.8583333333333,147,182,41,35,10,29,0.488,0.281,0.556,35,11571429.0
1628386,Jarrett Allen,CLE,1610612739,82,64,18,0.78,2296.0533333333333,1103,798,158,77,73,97,0.706,0.0,0.718,514,20000000.0
1629750,Javonte Green,CLE,1610612739,68,24,44,0.353,1257.8333333333333,347,218,56,65,31,32,0.429,0.326,0.724,-212,2874436.0
1629637,Jaxson Hayes,LAL,1610612747,56,38,18,0.679,1092.6833333333334,383,269,58,31,51,43,0.722,0.0,0.622,87,3449323.0
1630643,Jay Huff,MEM,1610612763,64,37,27,0.578,748.0316666666666,439,129,38,16,56,34,0.515,0.405,0.786,25,2349578.0
1627759,Jaylen Brown,BOS,1610612738,63,46,17,0.73,2157.9283333333333,1398,368,286,73,19,162,0.463,0.324,0.764,402,53142264.0
1641740,Jaylen Clark,MIN,1610612750,40,28,12,0.7,521.9933333333333,163,53,26,36,2,8,0.467,0.431,0.784,44,2191897.0
1641798,Jaylen Martin,WAS,1610612764,16,3,13,0.188,238.6266666666667,78,44,17,9,0,12,0.419,0.304,0.9,-131,85300.0
1629669,Jaylen Nowell,WAS,1610612764,8,1,7,0.125,168.075,67,20,18,1,4,8,0.356,0.296,0.636,-42,
1631301,Jaylen Sims,CHA,1610612766,6,0,6,0.0,111.80833333333334,42,6,12,3,1,8,0.429,0.4,0.8,-47,
1642377,Jaylen Wells,MEM,1610612763,79,47,32,0.595,2043.4816666666663,823,268,135,44,8,69,0.425,0.352,0.822,186,1955377.0
1631119,Jaylin Williams,OKC,1610612760,47,40,7,0.851,784.055,278,262,120,22,29,35,0.439,0.399,0.767,302,8450704.0
1642281,Jaylon Tyson,CLE,1610612739,47,37,10,0.787,452.96,167,96,44,13,3,26,0.43,0.345,0.792,-2,3492480.0
1628369,Jayson Tatum,BOS,1610612738,72,53,19,0.736,2623.8166666666666,1932,623,431,76,38,209,0.452,0.343,0.814,534,54126450.0
1641789,Jazian Gortman,DAL,1610612742,16,8,8,0.5,56.61666666666667,24,5,6,2,1,5,0.391,0.364,0.5,11,
1630288,Jeff Dowtin Jr.,PHI,1610612755,41,10,31,0.244,620.77,285,60,78,24,12,15,0.487,0.4,0.733,-103,
201145,Jeff Green,HOU,1610612745,32,20,12,0.625,396.44666666666666,172,58,20,6,4,9,0.504,0.367,0.808,-38,3634153.0
203924,Jerami Grant,POR,1610612757,47,22,25,0.468,1523.5866666666666,677,163,101,41,46,65,0.373,0.365,0.849,-202,32000001.0
1630526,Jeremiah Robinson-Earl,NOP,1610612740,66,17,49,0.258,1238.9,418,315,88,39,7,51,0.455,0.341,0.836,-331,608292.0
1631110,Jeremy Sochan,SAS,1610612759,54,21,33,0.389,1363.9683333333332,617,352,128,45,27,84,0.535,0.308,0.696,-88,7096231.0
1630579,Jericho Sims,MIL,1610612749,53,34,19,0.642,631.245,98,197,33,10,19,33,0.634,0.0,0.615,25,2461463.0
1642399,Jesse Edwards,MIN,1610612750,2,2,0,1.0,4.666666666666667,0,0,1,0,0,0,0.0,0.0,0.0,-10,
1641724,Jett Howard,ORL,1610612753,60,29,31,0.483,701.1066666666667,267,70,44,13,11,36,0.374,0.296,0.696,-86,5529506.0
1628975,Jevon Carter,CHI,1610612741,36,13,23,0.361,320.5733333333333,153,39,40,13,3,11,0.377,0.333,0.8,37,6809524.0
202710,Jimmy Butler III,GSW,1610612744,55,36,19,0.655,1746.135,964,296,298,77,18,74,0.504,0.308,0.842,246,
1629111,Jock Landale,HOU,1610612745,42,26,16,0.619,500.0233333333333,200,137,37,13,10,21,0.533,0.423,0.675,-25,2461463.0
204060,Joe Ingles,MIN,1610612750,19,12,7,0.632,114.08666666666667,15,11,23,2,0,9,0.261,0.2,0.0,2,3634153.0
203954,Joel Embiid,PHI,1610612755,19,8,11,0.421,574.3933333333333,452,155,85,14,18,62,0.444,0.299,0.882,-57,55224526.0
1628381,John Collins,UTA,1610612762,40,12,28,0.3,1220.4916666666666,758,327,80,39,40,103,0.527,0.399,0.848,-16,26580000.0
1629723,John Konchar,MEM,1610612763,46,26,20,0.565,558.2233333333334,112,151,42,30,14,16,0.451,0.371,0.875,58,6165000.0
1631098,Johnny Davis,WAS,1610612764,34,4,30,0.118,241.65833333333333,80,38,11,15,6,7,0.41,0.241,0.6,-26,
1642277,Johnny Furphy,IND,1610612754,50,31,19,0.62,379.4966666666666,103,71,19,18,11,12,0.38,0.3,0.818,22,1955377.0
1630548,Johnny Juzang,UTA,1610612762,64,15,49,0.234,1269.83,571,184,68,39,8,36,0.429,0.376,0.849,-357,636435.0
202685,Jonas Valanciunas,SAC,1610612758,81,23,58,0.284,1523.763333333333,843,627,164,37,46,120,0.55,0.216,0.879,-304,10395000.0
1628371,Jonathan Isaac,ORL,1610612753,71,35,36,0.493,1090.015,380,314,40,61,80,33,0.414,0.258,0.682,-38,15000000.0
1630228,Jonathan Kuminga,GSW,1610612744,47,28,19,0.596,1144.08,719,217,104,38,21,71,0.454,0.305,0.668,8,22500000.0
1642367,Jonathan Mogbo,TOR,1610612761,63,18,45,0.286,1285.655,389,311,146,55,34,70,0.438,0.243,0.732,-241,1955377.0
203903,Jordan Clarkson,UTA,1610612762,37,10,27,0.27,962.47,600,118,138,31,9,86,0.408,0.362,0.797,-204,10651561.0
1630692,Jordan Goodwin,LAL,1610612747,29,17,12,0.586,542.575,161,112,42,30,11,26,0.438,0.382,0.818,-11,2349578.0
1641722,Jordan Hawkins,NOP,1610612740,56,18,38,0.321,1320.5,604,158,66,30,23,58,0.372,0.331,0.816,-317,4741216.0
1629162,Jordan McLaughlin,SAS,1610612759,46,17,29,0.37,314.27666666666664,98,30,51,16,1,16,0.431,0.413,0.773,57,2874436.0
1641757,Jordan Miller,LAC,1610612746,37,21,16,0.568,420.31,152,58,34,17,5,26,0.433,0.211,0.8,-63,1101910.0
1629673,Jordan Poole,WAS,1610612764,68,15,53,0.221,2000.8866666666668,1391,203,303,86,27,204,0.432,0.378,0.883,-558,31848215.0
1641775,Jordan Walsh,BOS,1610612738,52,39,13,0.75,403.0033333333334,82,69,19,12,11,17,0.361,0.273,0.583,25,2221677.0
1630631,Jose Alvarado,NOP,1610612740,56,19,37,0.339,1365.9,579,136,259,74,14,86,0.392,0.359,0.811,-232,4500000.0
1630528,Josh Christopher,MIA,1610612748,14,9,5,0.643,69.35,28,9,8,5,3,6,0.355,0.182,0.667,-5,
1630581,Josh Giddey,CHI,1610612741,70,33,37,0.471,2116.641666666667,1022,566,503,84,45,202,0.465,0.378,0.781,-68,25000000.0
1630182,Josh Green,CHA,1610612766,68,17,51,0.25,1887.503333333333,506,172,108,74,15,70,0.428,0.391,0.681,-364,13666667.0
1628404,Josh Hart,NYK,1610612752,77,48,29,0.623,2896.83,1051,737,453,119,27,158,0.525,0.333,0.776,203,19472240.0
1631169,Josh Minott,MIN,1610612750,46,32,14,0.696,276.275,119,47,18,15,12,11,0.489,0.326,0.895,-16,2378870.0
1629006,Josh Okogie,CHA,1610612766,40,11,29,0.275,624.9783333333334,283,113,33,48,19,31,0.443,0.348,0.741,-13,3080921.0
1626196,Josh Richardson,MIA,1610612748,8,4,4,0.5,149.49,32,12,12,8,1,8,0.289,0.273,1.0,-31,
201950,Jrue Holiday,BOS,1610612738,62,47,15,0.758,1896.0683333333336,686,265,239,66,27,77,0.443,0.353,0.909,339,32400000.0
1630577,Julian Champagnie,SAS,1610612759,82,34,48,0.415,1932.128333333333,815,318,111,61,35,74,0.415,0.371,0.904,-67,3000000.0
1641763,Julian Phillips,CHI,1610612741,79,37,42,0.468,1122.905,366,169,39,38,20,27,0.446,0.327,0.789,30,2221677.0
1631124,Julian Strawther,DEN,1610612743,65,41,24,0.631,1383.47,588,142,83,39,16,57,0.432,0.349,0.822,-71,2674148.0
203944,Julius Randle,MIN,1610612750,69,44,25,0.638,2225.526666666666,1288,487,323,47,16,196,0.485,0.344,0.806,166,30864198.0
1630551,Justin Champagnie,WAS,1610612764,62,16,46,0.258,1340.5333333333333,544,351,60,65,39,54,0.511,0.383,0.685,-288,
1642348,Justin Edwards,PHI,1610612755,44,11,33,0.25,1154.72,445,148,69,45,16,49,0.455,0.363,0.696,-280,2048494.0
1631303,Justin Minaya,POR,1610612757,19,8,11,0.421,100.67333333333332,18,10,7,6,1,5,0.381,0.2,0.0,-12,
203994,Jusuf Nurkic,CHA,1610612766,51,18,33,0.353,1062.8266666666666,453,398,115,40,34,97,0.477,0.305,0.664,-184,19375000.0
1630231,KJ Martin,UTA,1610612762,43,11,32,0.256,911.4983333333332,274,125,48,17,22,24,0.552,0.259,0.787,-142,
1642354,KJ Simpson,CHA,1610612766,36,3,33,0.083,842.0833333333334,282,109,112,34,6,56,0.346,0.254,0.82,-278,636434.0
1630539,Kai Jones,DAL,1610612742,40,20,20,0.5,468.37,198,125,25,15,23,18,0.798,0.2,0.719,-21,
1626157,Karl-Anthony Towns,NYK,1610612752,72,46,26,0.639,2516.72,1759,920,222,71,50,192,0.526,0.42,0.829,378,53142264.0
1631255,Karlo Matkovic,NOP,1610612740,42,12,30,0.286,790.585,325,209,46,22,41,43,0.574,0.318,0.773,-89,1955377.0
202695,Kawhi Leonard,LAC,1610612746,37,26,11,0.703,1179.9566666666667,796,219,116,59,17,72,0.498,0.411,0.81,296,50000000.0
1630811,Keaton Wallace,ATL,1610612737,31,15,16,0.484,501.1666666666667,168,50,81,28,9,33,0.401,0.329,1.0,-19,2048494.0
1631099,Keegan Murray,SAC,1610612758,76,36,40,0.474,2610.173333333333,942,507,109,61,69,60,0.444,0.343,0.833,46,11144093.0
1631232,Keion Brooks Jr.,NOP,1610612740,14,2,12,0.143,331.7816666666667,142,58,13,10,10,12,0.486,0.326,0.733,-145,
1642276,Kel'el Ware,MIA,1610612748,64,28,36,0.438,1422.486666666667,595,473,60,39,71,57,0.554,0.315,0.687,39,4443360.0
1629640,Keldon Johnson,SAS,1610612759,77,31,46,0.403,1837.996666666667,979,371,125,49,22,77,0.482,0.318,0.773,-217,17500000.0
203482,Kelly Olynyk,NOP,1610612740,44,12,32,0.273,890.9983333333333,384,206,128,33,19,76,0.5,0.418,0.769,-58,13445122.0
1626162,Kelly Oubre Jr.,PHI,1610612755,60,21,39,0.35,2078.19,906,368,108,92,30,80,0.47,0.293,0.751,-258,8382150.0
1629026,Kenrich Williams,OKC,1610612760,69,58,11,0.841,1131.5383333333334,436,241,97,43,10,39,0.483,0.386,0.718,329,7163000.0
203484,Kentavious Caldwell-Pope,MEM,1610612763,77,38,39,0.494,2279.036666666667,673,169,136,99,34,62,0.439,0.342,0.863,11,21621500.0
1631165,Keon Ellis,SAC,1610612758,80,39,41,0.488,1948.1916666666664,666,212,120,121,63,71,0.489,0.433,0.849,64,2301587.0
1630553,Keon Johnson,BKN,1610612751,79,25,54,0.316,1925.2016666666664,839,297,175,82,30,116,0.389,0.314,0.77,-423,
1642352,Keshad Johnson,MIA,1610612748,16,10,6,0.625,98.125,43,28,4,5,4,4,0.692,0.429,0.444,5,1955377.0
1630556,Kessler Edwards,DAL,1610612742,40,17,23,0.425,608.46,168,115,42,19,20,16,0.496,0.407,0.923,-158,
201142,Kevin Durant,PHX,1610612756,62,33,29,0.532,2264.685,1647,374,263,50,77,190,0.527,0.43,0.839,-38,54708608.0
1628989,Kevin Huerter,CHI,1610612741,69,39,30,0.565,1678.993333333333,681,205,156,66,23,67,0.425,0.338,0.714,104,17991071.0
1628995,Kevin Knox II,GSW,1610612744,14,11,3,0.786,83.65666666666667,46,17,5,2,4,4,0.5,0.267,0.75,-3,
201567,Kevin Love,MIA,1610612748,23,13,10,0.565,251.45333333333335,122,94,22,15,4,14,0.357,0.358,0.696,-25,4150000.0
1641755,Kevin McCullar Jr.,NYK,1610612752,4,4,0,1.0,29.166666666666668,6,8,2,1,1,0,0.286,0.0,1.0,-2,
1629645,Kevin Porter Jr.,MIL,1610612749,75,43,32,0.573,1482.02,771,278,256,81,13,136,0.449,0.311,0.769,27,5134000.0
1626172,Kevon Looney,GSW,1610612744,76,45,31,0.592,1142.155,344,462,118,46,37,39,0.514,0.4,0.566,117,8000000.0
1641718,Keyonte George,UTA,1610612762,67,13,54,0.194,2108.475,1125,253,377,46,9,183,0.391,0.343,0.818,-512,4278754.0
203114,Khris Middleton,WAS,1610612764,37,18,19,0.486,843.1816666666666,440,137,150,35,8,56,0.475,0.361,0.857,39,35086419.0
1630165,Killian Hayes,BKN,1610612751,6,1,5,0.167,162.33333333333334,54,18,31,4,4,9,0.419,0.381,0.833,-24,751318.0
202691,Klay Thompson,DAL,1610612742,72,33,39,0.458,1964.5683333333336,1005,246,145,50,30,88,0.412,0.391,0.905,-79,16666667.0
1641738,Kobe Brown,LAC,1610612746,40,25,15,0.625,272.22,77,65,24,7,4,12,0.458,0.231,0.714,-53,2654692.0
1641723,Kobe Bufkin,ATL,1610612737,10,6,4,0.6,123.63666666666668,53,21,17,3,2,8,0.383,0.211,0.722,-23,4503668.0
1627739,Kris Dunn,LAC,1610612746,74,45,29,0.608,1782.9183333333333,474,251,210,128,27,74,0.439,0.335,0.682,262,5426400.0
1631200,Kris Murray,POR,1610612757,69,31,38,0.449,1040.3866666666668,287,182,68,35,17,43,0.419,0.225,0.456,-50,3132000.0
204001,Kristaps Porzingis,BOS,1610612738,42,30,12,0.714,1209.9633333333334,818,284,87,31,63,53,0.483,0.412,0.809,173,30731707.0
203937,Kyle Anderson,MIA,1610612748,61,30,31,0.492,1002.0933333333334,357,206,145,40,33,37,0.469,0.357,0.738,-22,8300531.0
1642271,Kyle Filipowski,UTA,1610612762,72,13,59,0.181,1521.54,690,440,140,48,22,102,0.502,0.35,0.65,-366,3000000.0
1628398,Kyle Kuzma,MIL,1610612749,65,25,40,0.385,1936.415,964,370,152,36,19,146,0.436,0.307,0.634,-419,22560605.0
200768,Kyle Lowry,PHI,1610612755,35,14,21,0.4,659.4483333333334,138,67,96,33,11,21,0.35,0.33,0.818,-71,3634153.0
1630283,Kylor Kelley,LAL,1610612747,11,3,8,0.273,125.95666666666666,34,39,5,1,3,4,0.636,0.0,0.6,-75,
202681,Kyrie Irving,DAL,1610612742,50,28,22,0.56,1803.7966666666664,1234,240,231,66,23,111,0.473,0.401,0.916,124,36566002.0
1642273,Kyshawn George,WAS,1610612764,68,15,53,0.221,1802.1833333333336,590,285,169,68,50,97,0.372,0.322,0.753,-361,2966760.0
1630163,LaMelo Ball,CHA,1610612766,47,16,31,0.34,1504.475,1184,232,346,54,13,167,0.405,0.339,0.843,-130,37958760.0
1630205,Lamar Stevens,MEM,1610612763,17,7,10,0.412,155.535,74,38,8,5,3,10,0.46,0.296,0.727,67,
1629013,Landry Shamet,NYK,1610612752,50,30,20,0.6,761.6,286,61,27,23,2,22,0.461,0.397,0.667,88,3080921.0
1626204,Larry Nance Jr.,ATL,1610612737,24,10,14,0.417,463.2266666666667,203,103,38,20,13,16,0.516,0.447,0.692,-95,
1628374,Lauri Markkanen,UTA,1610612762,47,9,38,0.191,1475.8433333333332,892,278,70,33,17,66,0.423,0.346,0.876,-186,46394100.0
2544,LeBron James,LAL,1610612747,70,44,26,0.629,2444.4466666666667,1710,546,575,70,39,260,0.513,0.376,0.782,-54,52627153.0
1631159,Leonard Miller,MIN,1610612750,13,11,2,0.846,31.595,20,11,0,2,1,2,0.4,0.0,1.0,-12,2221677.0
1631311,Lester Quinones,NOP,1610612740,13,3,10,0.231,183.36666666666667,86,19,24,3,2,14,0.397,0.295,0.846,-26,85300.0
1641857,Liam Robbins,MIL,1610612749,13,8,5,0.615,56.96666666666667,9,12,2,2,2,6,0.25,0.0,0.5,-5,
1630322,Lindy Waters III,DET,1610612765,52,27,25,0.519,778.41,256,110,52,27,11,20,0.369,0.344,0.727,13,2461463.0
1629022,Lonnie Walker IV,PHI,1610612755,20,3,17,0.15,476.7033333333333,247,63,50,10,5,25,0.42,0.354,0.8,-142,
1628366,Lonzo Ball,CHI,1610612741,35,16,19,0.457,777.03,267,118,115,47,17,41,0.366,0.344,0.815,100,10000000.0
1629652,Luguentz Dort,OKC,1610612760,71,57,14,0.803,2073.3,719,293,115,79,39,51,0.435,0.412,0.717,547,18222222.0
1629029,Luka Doncic,LAL,1610612747,50,31,19,0.62,1768.55,1408,409,383,89,21,179,0.45,0.368,0.782,344,45999660.0
1630568,Luka Garza,MIN,1610612750,39,28,11,0.718,219.31,138,54,11,6,3,12,0.495,0.278,0.686,1,2461463.0
1628379,Luke Kennard,MEM,1610612763,65,37,28,0.569,1471.6916666666666,576,183,215,50,5,72,0.478,0.433,0.895,122,11000000.0
1628436,Luke Kornet,BOS,1610612738,73,53,20,0.726,1361.06,441,388,117,36,71,31,0.668,0.0,0.691,401,11000000.0
1631247,Luke Travers,CLE,1610612739,12,10,2,0.833,87.86,12,20,8,1,1,8,0.25,0.0,1.0,-1,636435.0
1630644,Mac McClung,ORL,1610612753,2,1,1,0.5,10.233333333333333,0,1,3,0,0,0,0.0,0.0,0.0,-2,177731.0
1630201,Malachi Flynn,SAS,1610612759,4,2,2,0.5,43.68,16,7,7,3,0,4,0.385,0.25,0.833,1,
1631103,Malaki Branham,SAS,1610612759,47,18,29,0.383,426.555,235,51,38,11,2,34,0.458,0.405,0.818,-33,4962033.0
1627763,Malcolm Brogdon,WAS,1610612764,24,6,18,0.25,564.0766666666667,305,91,98,13,5,38,0.433,0.286,0.88,-121,
1642502,Malevy Leons,OKC,1610612760,6,6,0,1.0,20.966666666666665,2,3,1,0,0,1,0.0,0.0,0.5,-18,
1627736,Malik Beasley,DET,1610612765,82,44,38,0.537,2282.9466666666667,1336,214,139,73,5,83,0.43,0.416,0.679,175,
1628370,Malik Monk,SAC,1610612758,65,36,29,0.554,2054.11,1117,245,362,61,38,159,0.439,0.325,0.865,116,18797619.0
1630699,MarJon Beauchamp,NYK,1610612752,35,19,16,0.543,156.28166666666667,79,44,11,4,1,15,0.415,0.345,0.75,9,
1630542,Marcus Bagley,PHI,1610612755,10,1,9,0.1,253.155,67,70,10,9,12,7,0.391,0.156,0.8,-84,
1630585,Marcus Garrett,CHA,1610612766,4,1,3,0.25,79.38333333333334,28,6,13,3,2,6,0.407,0.375,0.75,-39,
1631204,Marcus Sasser,DET,1610612765,57,30,27,0.526,810.7866666666666,375,69,133,37,4,54,0.463,0.382,0.843,41,2886431.0
203935,Marcus Smart,WAS,1610612764,34,17,17,0.5,680.34,305,72,109,39,9,54,0.393,0.348,0.761,42,14786855.0
1631109,Mark Williams,CHA,1610612766,44,9,35,0.205,1171.045,671,447,109,32,54,71,0.604,0.0,0.804,-301,6276531.0
1628365,Markelle Fultz,SAC,1610612758,21,9,12,0.429,184.05833333333337,61,20,27,10,2,15,0.418,0.5,1.0,5,188932.0
202693,Markieff Morris,LAL,1610612747,15,7,8,0.467,164.43333333333334,56,23,21,2,3,5,0.3,0.25,0.833,-28,
1628963,Marvin Bagley III,MEM,1610612763,31,7,24,0.226,265.2266666666667,136,84,11,9,8,12,0.519,0.158,0.657,-10,
1630222,Mason Jones,SAC,1610612758,10,4,6,0.4,45.391666666666666,23,9,11,0,1,1,0.5,0.125,0.8,1,
203486,Mason Plumlee,PHX,1610612756,74,33,41,0.446,1300.045,333,455,134,33,47,59,0.619,0.0,0.648,54,3634153.0
1641824,Matas Buzelis,CHI,1610612741,80,39,41,0.488,1511.295,688,278,79,29,75,74,0.454,0.361,0.815,-35,5455560.0
1629680,Matisse Thybulle,POR,1610612757,15,8,7,0.533,312.2816666666667,112,52,28,33,9,13,0.477,0.438,0.467,1,11550000.0
1630346,Matt Ryan,NOP,1610612740,19,14,5,0.737,67.82166666666667,28,8,3,2,0,3,0.323,0.316,1.0,-40,
1631108,Max Christie,DAL,1610612742,78,40,38,0.513,2127.141666666667,749,258,146,64,31,88,0.427,0.366,0.855,-83,7714286.0
1629622,Max Strus,CLE,1610612739,50,39,11,0.78,1272.725,471,217,158,26,12,54,0.442,0.386,0.824,221,15936452.0
1628467,Maxi Kleber,LAL,1610612747,34,18,16,0.529,636.875,103,95,43,9,17,23,0.385,0.265,0.762,-17,11000000.0
1641721,Maxwell Lewis,BKN,1610612751,28,9,19,0.321,327.68833333333333,116,55,19,9,7,14,0.417,0.38,0.7,-68,100000.0
1630695,Micah Potter,UTA,1610612762,38,10,28,0.263,705.165,162,164,31,14,14,31,0.422,0.316,0.85,-104,1527805.0
1629008,Michael Porter Jr.,DEN,1610612743,77,47,30,0.61,2593.2633333333333,1398,540,165,50,38,104,0.504,0.395,0.768,265,38333050.0
1628969,Mikal Bridges,NYK,1610612752,82,51,31,0.622,3036.076666666667,1444,259,306,75,43,132,0.5,0.354,0.814,334,24900000.0
201144,Mike Conley,MIN,1610612750,71,44,27,0.62,1755.85,582,182,319,79,14,75,0.4,0.41,0.9,265,10774038.0
1628970,Miles Bridges,CHA,1610612766,64,16,48,0.25,2028.735,1300,481,248,44,45,136,0.431,0.313,0.87,-259,25000000.0
1630540,Miles McBride,NYK,1610612752,64,39,25,0.609,1593.455,611,161,187,67,17,41,0.406,0.369,0.813,211,4333333.0
1641936,Miles Norris,BOS,1610612738,3,2,1,0.667,34.916666666666664,7,9,0,2,1,0,0.222,0.286,0.5,-14,
1629011,Mitchell Robinson,NYK,1610612752,17,10,7,0.588,290.12333333333333,87,101,13,16,18,10,0.661,0.0,0.684,23,12954546.0
1628964,Mo Bamba,NOP,1610612740,32,19,13,0.594,413.485,138,145,18,9,31,20,0.464,0.278,0.704,-75,354128.0
1628420,Monte Morris,PHX,1610612756,45,21,24,0.467,570.77,233,67,73,20,3,21,0.426,0.36,0.857,47,321184.0
1629021,Moritz Wagner,ORL,1610612753,30,18,12,0.6,564.1566666666666,386,148,42,24,12,49,0.562,0.36,0.718,-17,5000000.0
1629650,Moses Brown,DAL,1610612742,13,5,8,0.385,118.57666666666668,76,44,2,6,4,11,0.694,0.0,0.727,-14,
1630541,Moses Moody,GSW,1610612744,74,45,29,0.608,1649.15,724,189,96,59,31,54,0.433,0.374,0.797,132,11574075.0
1631243,Mouhamed Gueye,ATL,1610612737,33,15,18,0.455,532.7566666666667,197,139,27,28,33,15,0.421,0.259,0.762,87,2221677.0
1631217,Moussa Diabate,CHA,1610612766,71,15,56,0.211,1240.6333333333334,403,438,56,46,40,61,0.596,0.0,0.595,-123,2270735.0
1626167,Myles Turner,IND,1610612754,72,44,28,0.611,2173.6366666666668,1120,471,111,54,144,123,0.481,0.396,0.773,202,25318251.0
1642368,N'Faly Dante,HOU,1610612745,4,0,4,0.0,50.61666666666667,24,21,2,1,5,2,0.769,0.0,0.8,-11,2048494.0
1641772,Nae'Qwan Tomlin,CLE,1610612739,5,4,1,0.8,63.4,36,21,2,0,1,2,0.406,0.2,0.727,7,1084904.0
1630230,Naji Marshall,DAL,1610612742,69,32,37,0.464,1919.0833333333333,914,328,208,70,11,112,0.508,0.275,0.813,-137,9000000.0
1631466,Nate Williams,HOU,1610612745,20,14,6,0.7,146.62,65,13,9,8,4,14,0.435,0.231,0.625,-24,
1629675,Naz Reid,MIN,1610612750,80,47,33,0.588,2200.116666666667,1138,480,181,58,72,108,0.462,0.379,0.776,340,21551724.0
1629674,Neemias Queta,BOS,1610612738,62,46,16,0.742,863.09,310,236,45,18,42,40,0.65,0.0,0.754,155,2349578.0
1629651,Nic Claxton,BKN,1610612751,70,20,50,0.286,1881.7316666666663,724,515,157,62,100,87,0.563,0.238,0.513,-497,
1630208,Nick Richards,PHX,1610612756,57,17,40,0.298,1256.2233333333334,529,466,49,14,55,81,0.591,0.0,0.744,-235,5000000.0
1641733,Nick Smith Jr.,CHA,1610612766,60,14,46,0.233,1368.746666666667,591,128,145,17,6,82,0.391,0.34,0.935,-398,2710680.0
1629638,Nickeil Alexander-Walker,MIN,1610612750,82,49,33,0.598,2073.1016666666665,773,265,223,50,34,99,0.438,0.381,0.78,270,15161800.0
201587,Nicolas Batum,LAC,1610612746,78,47,31,0.603,1367.3733333333332,313,218,84,52,36,34,0.437,0.433,0.81,152,5601600.0
203999,Nikola Jokic,DEN,1610612743,70,46,24,0.657,2570.765,2071,892,716,127,45,230,0.576,0.417,0.8,594,55224526.0
1631107,Nikola Jovic,MIA,1610612748,46,21,25,0.457,1155.6766666666667,494,180,131,38,13,60,0.456,0.371,0.828,-20,4445417.0
202696,Nikola Vucevic,CHI,1610612741,73,34,39,0.466,2278.25,1349,735,256,61,52,119,0.53,0.402,0.805,-98,21481481.0
1641730,Noah Clowney,BKN,1610612751,46,11,35,0.239,1042.2866666666666,420,181,40,24,21,46,0.358,0.333,0.838,-261,3398406.0
1626181,Norman Powell,LAC,1610612746,60,39,21,0.65,1957.9883333333332,1306,190,125,73,9,108,0.484,0.418,0.804,352,20482758.0
1628384,OG Anunoby,NYK,1610612752,74,45,29,0.608,2705.776666666666,1332,358,164,110,65,102,0.476,0.372,0.81,301,39568966.0
1630167,Obi Toppin,IND,1610612754,79,48,31,0.608,1544.815,833,318,128,46,28,68,0.529,0.365,0.781,-77,14000000.0
1630534,Ochai Agbaji,TOR,1610612761,64,19,45,0.297,1738.67,667,242,98,58,30,54,0.498,0.399,0.708,-214,6383525.0
1641765,Olivier-Maxence Prosper,DAL,1610612742,52,27,25,0.519,584.07,201,126,40,26,6,14,0.402,0.235,0.645,-104,1002360.0
1630168,Onyeka Okongwu,ATL,1610612737,74,35,39,0.473,2063.9266666666667,988,660,168,69,68,90,0.567,0.324,0.759,40,15000000.0
1631115,Orlando Robinson,TOR,1610612761,44,23,21,0.523,769.8016666666666,303,220,77,17,16,49,0.444,0.327,0.771,-87,636435.0
1631131,Oscar Tshiebwe,UTA,1610612762,14,3,11,0.214,255.17333333333335,107,122,9,13,1,10,0.6,0.0,0.742,-11,
1629052,Oshae Brissett,PHI,1610612755,6,1,5,0.167,142.24166666666667,52,22,4,4,3,8,0.487,0.333,0.571,-31,
1642345,Oso Ighodaro,PHX,1610612756,61,25,36,0.41,1045.545,255,222,71,28,29,39,0.604,0.0,0.58,-21,1955377.0
1631172,Ousmane Dieng,OKC,1610612760,37,30,7,0.811,404.84166666666664,142,81,31,17,7,18,0.432,0.324,0.688,45,6670882.0
200782,P.J. Tucker,NYK,1610612752,3,1,2,0.333,57.86833333333333,9,8,0,1,1,1,0.429,0.5,0.0,-22,
1629023,P.J. Washington,DAL,1610612742,57,31,26,0.544,1834.8583333333331,836,442,131,63,60,118,0.453,0.381,0.722,49,14152174.0
1628408,PJ Dozier,MIN,1610612750,9,7,2,0.778,34.916666666666664,7,5,5,1,0,1,0.667,0.667,0.167,-4,
1641790,PJ Hall,DEN,1610612743,19,12,7,0.632,66.18333333333334,33,22,4,0,4,2,0.583,0.25,0.75,-2,318218.0
1642359,Pacome Dadiet,NYK,1610612752,18,14,4,0.778,111.17833333333331,30,18,5,3,2,4,0.323,0.316,0.667,-16,2847600.0
1631094,Paolo Banchero,ORL,1610612753,46,21,25,0.457,1581.53,1191,345,219,36,28,136,0.452,0.32,0.727,-21,15334769.0
1627783,Pascal Siakam,IND,1610612754,78,47,31,0.603,2547.8533333333335,1578,540,263,70,42,109,0.519,0.389,0.734,312,45550512.0
1626192,Pat Connaughton,MIL,1610612749,41,19,22,0.463,602.8266666666667,216,109,70,9,11,24,0.469,0.321,0.774,-13,10739683.0
1630311,Pat Spencer,GSW,1610612744,39,24,15,0.615,249.61166666666668,98,46,48,14,3,18,0.406,0.227,0.733,-17,1211689.0
1631116,Patrick Baldwin Jr.,LAC,1610612746,24,3,21,0.125,106.74833333333332,53,25,3,3,2,5,0.543,0.565,0.5,29,222017.0
1630172,Patrick Williams,CHI,1610612741,63,31,32,0.492,1576.3266666666666,566,237,124,48,32,86,0.397,0.353,0.723,-182,18000000.0
201988,Patty Mills,LAC,1610612746,29,12,17,0.414,320.655,111,22,26,13,3,17,0.375,0.347,0.929,-15,
202331,Paul George,PHI,1610612755,41,15,26,0.366,1333.5933333333332,665,219,178,75,20,106,0.43,0.358,0.814,-83,51666090.0
1630194,Paul Reed,DET,1610612765,45,22,23,0.489,437.5366666666667,184,123,44,39,25,26,0.507,0.286,0.762,43,5335894.0
1630202,Payton Pritchard,BOS,1610612738,80,59,21,0.738,2270.875,1144,307,279,70,14,83,0.472,0.407,0.845,430,7232143.0
1641796,Pelle Larsson,MIA,1610612748,55,24,31,0.436,781.9466666666667,251,92,65,32,7,24,0.438,0.337,0.672,10,1955377.0
1631250,Pete Nance,MIL,1610612749,13,8,5,0.615,138.16666666666666,38,21,10,2,2,4,0.438,0.375,0.5,-14,1095439.0
1631212,Peyton Watson,DEN,1610612743,68,40,28,0.588,1655.7283333333332,551,233,94,48,93,56,0.477,0.353,0.693,-26,4356476.0
1630762,Phillip Wheeler,PHI,1610612755,5,0,5,0.0,44.39666666666667,8,8,2,1,2,1,0.143,0.0,1.0,13,
1630173,Precious Achiuwa,NYK,1610612752,57,36,21,0.632,1169.6133333333332,379,317,55,47,42,45,0.502,0.278,0.594,-48,2453285.0
1629656,Quentin Grimes,PHI,1610612755,75,29,46,0.387,2013.09,1092,324,228,74,22,141,0.467,0.385,0.757,-261,8741209.0
1631245,Quenton Jackson,IND,1610612754,28,14,14,0.5,381.03833333333336,162,44,53,21,5,16,0.475,0.375,0.775,-1,1022998.0
1642439,Quincy Olivari,LAL,1610612747,2,1,1,0.5,10.3,3,0,1,0,0,1,0.2,0.2,0.0,-18,
1642366,Quinten Post,GSW,1610612744,42,26,16,0.619,685.7566666666667,340,148,56,16,18,33,0.449,0.408,0.778,43,1955377.0
1629628,RJ Barrett,TOR,1610612761,58,23,35,0.397,1868.8033333333333,1223,366,314,46,17,166,0.468,0.35,0.63,-139,27705357.0
1642484,RayJ Dennis,IND,1610612754,11,7,4,0.636,70.38333333333334,30,12,14,7,2,5,0.333,0.286,1.0,44,131903.0
1641712,Rayan Rupert,POR,1610612757,52,23,29,0.442,459.5416666666667,155,70,25,16,4,30,0.408,0.271,0.767,-86,2221677.0
1641736,Reece Beekman,BKN,1610612751,36,13,23,0.361,469.30333333333334,93,39,63,33,2,21,0.327,0.175,0.762,-117,
1642263,Reed Sheppard,HOU,1610612745,52,30,22,0.577,654.3516666666667,229,78,75,35,17,37,0.351,0.338,0.813,-50,10603560.0
202704,Reggie Jackson,PHI,1610612755,31,11,20,0.355,383.9916666666667,136,42,45,16,3,17,0.391,0.338,0.778,-19,
1626158,Richaun Holmes,WAS,1610612764,31,9,22,0.29,534.135,230,177,42,9,23,21,0.647,0.0,0.833,-36,250000.0
1641741,Ricky Council IV,PHI,1610612755,73,16,57,0.219,1250.015,532,214,97,32,13,52,0.382,0.258,0.804,-159,
1642434,Riley Minix,SAS,1610612759,1,0,1,0.0,6.75,0,2,0,0,0,0,0.0,0.0,0.0,0,170508.0
1642265,Rob Dillingham,MIN,1610612750,49,30,19,0.612,515.975,219,50,98,20,1,53,0.441,0.338,0.533,19,6576120.0
1629057,Robert Williams III,POR,1610612757,20,7,13,0.35,351.33,116,118,21,13,33,17,0.641,0.333,0.882,-17,
1631199,Ron Harper Jr.,DET,1610612765,1,0,1,0.0,17.0,4,7,2,0,0,0,0.125,0.0,1.0,-1,
1641842,Ronald Holland II,DET,1610612765,81,44,37,0.543,1266.3216666666667,522,218,82,49,17,72,0.474,0.238,0.754,-55,
1626220,Royce O'Neale,PHX,1610612756,75,33,42,0.44,1836.8733333333332,680,349,163,67,33,65,0.423,0.406,0.731,-155,10125000.0
203497,Rudy Gobert,MIN,1610612750,72,43,29,0.597,2388.423333333333,866,785,127,56,104,89,0.669,0.0,0.674,327,35000000.0
1629060,Rui Hachimura,LAL,1610612747,59,37,22,0.627,1868.825,775,295,83,45,26,49,0.509,0.413,0.77,158,18259259.0
201566,Russell Westbrook,DEN,1610612743,75,43,32,0.573,2092.2916666666665,994,370,457,106,37,242,0.449,0.323,0.661,-24,3634153.0
1642346,Ryan Dunn,PHX,1610612756,74,32,42,0.432,1410.4166666666667,511,267,57,44,40,40,0.43,0.311,0.487,-169,2657760.0
1631157,Ryan Rollins,MIL,1610612749,56,30,26,0.536,819.525,349,108,104,42,17,53,0.487,0.408,0.8,83,4000000.0
1630573,Sam Hauser,BOS,1610612738,71,52,19,0.732,1541.1333333333334,605,224,64,41,13,23,0.451,0.416,1.0,325,10044644.0
1630241,Sam Merrill,CLE,1610612739,71,54,17,0.761,1401.2816666666668,509,157,108,53,14,35,0.406,0.372,0.966,321,8482144.0
1630572,Sandro Mamukelashvili,SAS,1610612759,61,23,38,0.377,681.2083333333334,385,187,48,22,17,26,0.502,0.373,0.741,-28,2461463.0
1630583,Santi Aldama,MEM,1610612763,65,38,27,0.585,1659.6483333333333,811,416,188,52,29,71,0.483,0.368,0.691,149,
1630703,Scoot Henderson,POR,1610612757,66,30,36,0.455,1759.0716666666667,837,198,335,68,13,177,0.419,0.354,0.767,-38,10747994.0
1630567,Scottie Barnes,TOR,1610612761,65,26,39,0.4,2134.13,1252,502,378,93,63,184,0.446,0.271,0.755,-130,38661700.0
1630590,Scotty Pippen Jr.,MEM,1610612763,79,46,33,0.582,1682.88,779,259,347,103,30,138,0.48,0.397,0.713,44,
203552,Seth Curry,CHA,1610612766,68,17,51,0.25,1061.9566666666667,444,113,60,27,7,32,0.478,0.456,0.846,-171,2777830.0
1631101,Shaedon Sharpe,POR,1610612757,72,32,40,0.444,2252.33,1335,324,198,62,16,150,0.452,0.311,0.785,-138,8399983.0
1628983,Shai Gilgeous-Alexander,OKC,1610612760,76,63,13,0.829,2597.63,2484,379,486,131,77,183,0.519,0.375,0.898,918,38333050.0
1629003,Shake Milton,LAL,1610612747,57,29,28,0.509,836.2766666666666,315,104,102,25,4,40,0.453,0.358,0.797,-118,
1631321,Sidy Cissoko,POR,1610612757,22,11,11,0.5,114.46333333333334,32,21,15,2,1,11,0.433,0.231,0.333,8,1081951.0
1631323,Simone Fontecchio,DET,1610612765,75,38,37,0.507,1236.6816666666666,446,215,65,31,12,54,0.402,0.335,0.833,16,8307692.0
1627746,Skal Labissiere,SAC,1610612758,4,2,2,0.5,11.96,5,3,1,0,0,0,0.5,1.0,0.0,-1,153330.0
203915,Spencer Dinwiddie,DAL,1610612742,79,37,42,0.468,2136.085,872,209,349,70,17,102,0.416,0.334,0.802,-222,3634153.0
1642461,Spencer Jones,DEN,1610612743,20,13,7,0.65,124.625,26,17,5,5,5,5,0.324,0.059,1.0,-45,1016457.0
1630649,Stanley Umude,MIL,1610612749,22,15,7,0.682,85.77666666666667,15,17,4,3,6,3,0.192,0.2,0.5,-15,363537.0
201939,Stephen Curry,GSW,1610612744,70,41,29,0.586,2252.45,1718,310,421,80,30,200,0.448,0.397,0.933,299,59606817.0
1642264,Stephon Castle,SAS,1610612759,81,33,48,0.407,2162.0216666666665,1190,297,332,74,22,177,0.428,0.285,0.724,-239,9560520.0
203500,Steven Adams,HOU,1610612745,58,38,20,0.655,794.0666666666667,225,327,66,22,28,54,0.545,0.0,0.462,172,14130434.0
1629004,Svi Mykhailiuk,UTA,1610612762,38,6,32,0.158,760.3066666666666,334,90,76,19,7,52,0.391,0.345,0.8,-106,3675000.0
204456,T.J. McConnell,IND,1610612754,79,49,30,0.62,1415.4333333333334,720,193,351,83,21,109,0.519,0.306,0.74,-56,10200000.0
201959,Taj Gibson,CHA,1610612766,37,10,27,0.27,408.85,107,120,21,9,18,25,0.495,0.5,0.6,-124,960753.0
1629659,Talen Horton-Tucker,CHI,1610612741,58,26,32,0.448,723.695,379,100,83,21,11,40,0.457,0.336,0.735,19,
1631106,Tari Eason,HOU,1610612745,57,36,21,0.632,1420.1933333333334,686,362,83,97,50,65,0.487,0.342,0.76,145,5675766.0
1627752,Taurean Prince,MIL,1610612749,80,46,34,0.575,2165.86,656,287,155,76,15,82,0.457,0.439,0.813,-22,3697105.0
1641707,Taylor Hendricks,UTA,1610612762,3,0,3,0.0,74.51666666666667,14,15,2,5,4,2,0.222,0.25,0.75,-22,6127080.0
1631386,Taze Moore,POR,1610612757,2,0,2,0.0,19.85,6,8,1,2,0,2,0.2,0.25,0.5,-7,
1629611,Terance Mann,ATL,1610612737,67,37,30,0.552,1414.25,517,199,121,47,15,47,0.496,0.368,0.691,-95,15500000.0
1629056,Terence Davis,SAC,1610612758,1,1,0,1.0,7.883333333333334,0,1,1,0,0,0,0.0,0.0,0.0,-3,
1630545,Terrence Shannon Jr.,MIN,1610612750,32,21,11,0.656,338.8283333333333,138,47,32,7,5,15,0.482,0.355,0.81,11,2674080.0
1626179,Terry Rozier,MIA,1610612748,64,27,37,0.422,1658.22,679,238,167,37,14,78,0.391,0.295,0.852,-141,26643031.0
1630678,Terry Taylor,SAC,1610612758,3,1,2,0.333,6.333333333333333,0,1,2,0,0,0,0.0,0.0,0.0,9,
1628418,Thomas Bryant,IND,1610612754,66,44,22,0.667,963.0166666666668,429,251,53,28,41,30,0.508,0.324,0.859,-37,3287409.0
1642275,Tidjane Salaun,CHA,1610612766,60,12,48,0.2,1244.3533333333332,353,280,74,29,14,58,0.33,0.283,0.713,-321,7863240.0
203501,Tim Hardaway Jr.,DET,1610612765,77,41,36,0.532,2152.795,844,183,123,38,7,48,0.406,0.368,0.855,25,
202699,Tobias Harris,DET,1610612765,73,40,33,0.548,2305.4133333333334,1002,432,162,74,57,85,0.477,0.345,0.861,187,26634146.0
1642449,Tolu Smith,DET,1610612765,1,0,1,0.0,22.35,14,8,0,0,0,2,0.667,0.0,0.667,7,336782.0
1628396,Tony Bradley,IND,1610612754,14,11,3,0.786,112.73833333333332,61,42,6,2,9,5,0.644,0.333,0.333,44,1689353.0
1628470,Torrey Craig,BOS,1610612738,26,16,10,0.615,313.94666666666666,108,73,17,8,12,8,0.422,0.364,0.667,-49,
1641787,Tosan Evbuomwan,BKN,1610612751,28,8,20,0.286,664.93,267,120,55,24,10,39,0.427,0.312,0.753,-66,254154.0
1641739,Toumani Camara,POR,1610612757,78,33,45,0.423,2548.0516666666667,882,450,175,116,50,109,0.458,0.375,0.722,-114,2221677.0
1629027,Trae Young,ATL,1610612737,76,36,40,0.474,2739.06,1841,236,880,91,12,355,0.411,0.34,0.875,34,46394100.0
1631218,Trayce Jackson-Davis,GSW,1610612744,62,33,29,0.532,966.7866666666666,407,311,104,23,38,45,0.576,0.0,0.578,-61,2221677.0
1630200,Tre Jones,CHI,1610612741,46,21,25,0.457,904.9716666666668,330,116,192,37,10,35,0.538,0.396,0.821,-31,8000000.0
1630544,Tre Mann,CHA,1610612766,13,6,7,0.462,319.045,183,38,39,7,4,25,0.435,0.4,0.905,-55,8000000.0
1630570,Trendon Watford,BKN,1610612751,44,16,28,0.364,912.6766666666666,450,160,115,27,12,83,0.469,0.33,0.762,-65,2461463.0
1642280,Trentyn Flowers,LAC,1610612746,6,4,2,0.667,26.515,11,4,0,0,0,1,0.364,0.0,1.0,-6,250937.0
1630243,Trevelin Queen,ORL,1610612753,31,15,16,0.484,430.28,152,54,38,31,10,22,0.381,0.286,0.857,-86,
1641725,Trey Alexander,DEN,1610612743,24,14,10,0.583,117.22166666666666,32,12,11,2,1,5,0.317,0.176,0.75,-25,
1641998,Trey Jemison III,LAL,1610612747,38,17,21,0.447,392.0233333333333,95,105,16,9,15,24,0.554,0.0,0.394,-18,
1626168,Trey Lyles,SAC,1610612758,69,34,35,0.493,1349.5216666666668,451,316,82,41,23,39,0.42,0.34,0.7,-70,
1630530,Trey Murphy III,NOP,1610612740,53,14,39,0.264,1854.23,1124,268,188,56,39,103,0.454,0.361,0.887,-384,
202684,Tristan Thompson,CLE,1610612739,40,31,9,0.775,328.17,69,134,24,2,11,14,0.437,0.0,0.233,-85,
1641774,Tristan Vukcevic,WAS,1610612764,35,7,28,0.2,512.51,330,130,39,11,23,42,0.496,0.373,0.776,-125,3256068.0
1641783,Tristan da Silva,ORL,1610612753,74,35,39,0.473,1628.611666666667,533,245,113,33,18,56,0.412,0.335,0.873,-127,3809520.0
1641803,Tristen Newton,MIN,1610612750,8,2,6,0.25,16.145,3,4,2,1,0,2,0.125,0.0,1.0,-5,
1629660,Ty Jerome,CLE,1610612739,70,55,15,0.786,1392.4,878,173,237,78,3,92,0.516,0.439,0.872,302,8781000.0
1631102,TyTy Washington Jr.,PHX,1610612756,16,4,12,0.25,118.34833333333331,35,13,16,3,0,3,0.311,0.19,0.5,2,
1629639,Tyler Herro,MIA,1610612748,77,37,40,0.481,2725.08,1840,399,424,69,17,198,0.472,0.375,0.878,99,31000000.0
1642278,Tyler Kolek,NYK,1610612752,41,27,14,0.659,296.15166666666664,81,27,70,12,4,18,0.329,0.298,0.765,-1,2191897.0
1641890,Tyler Smith,MIL,1610612749,23,12,11,0.522,121.57333333333334,67,25,4,3,4,8,0.48,0.433,0.75,8,1955377.0
1630169,Tyrese Haliburton,IND,1610612754,73,46,27,0.63,2450.391666666667,1359,258,673,105,49,120,0.473,0.388,0.851,222,45550512.0
1631213,Tyrese Martin,BKN,1610612751,60,16,44,0.267,1315.32,523,219,122,34,9,74,0.406,0.351,0.793,-258,2191897.0
1630178,Tyrese Maxey,PHI,1610612755,52,20,32,0.385,1960.195,1369,174,317,91,21,124,0.437,0.337,0.879,-124,37958760.0
1630623,Tyson Etienne,BKN,1610612751,7,1,6,0.143,151.08166666666668,55,9,12,3,1,8,0.327,0.295,0.8,-70,
1626145,Tyus Jones,PHX,1610612756,81,36,45,0.444,2173.516666666667,829,196,429,69,8,91,0.448,0.414,0.895,-92,7000000.0
1642279,Ulrich Chomche,TOR,1610612761,7,3,4,0.429,32.175,5,8,2,0,1,2,0.4,0.0,0.5,-24,
203995,Vasilije Micic,PHX,1610612756,41,8,33,0.195,784.9083333333333,269,89,128,15,0,77,0.348,0.36,0.829,-122,666667.0
1641705,Victor Wembanyama,SAS,1610612759,46,21,25,0.457,1527.253333333333,1116,506,168,52,176,149,0.476,0.352,0.836,102,13376695.0
1631246,Vince Williams Jr.,MEM,1610612763,27,10,17,0.37,498.5466666666667,179,98,55,12,7,33,0.401,0.274,0.792,6,2301587.0
1628427,Vlatko Cancar,DEN,1610612743,13,2,11,0.154,135.82833333333335,24,32,9,3,2,11,0.385,0.267,0.0,-18,
1630249,Vit Krejci,ATL,1610612737,57,28,29,0.491,1152.631666666667,412,156,147,36,26,50,0.497,0.437,0.711,-66,2349578.0
1631117,Walker Kessler,UTA,1610612762,58,14,44,0.241,1740.32,641,707,97,36,138,86,0.663,0.176,0.52,-329,4878938.0
1628976,Wendell Carter Jr.,ORL,1610612753,68,31,37,0.456,1758.2683333333334,618,492,134,52,41,77,0.46,0.234,0.737,-13,10850000.0
1631111,Wendell Moore Jr.,CHA,1610612766,36,11,25,0.306,498.9166666666667,150,95,42,20,5,27,0.468,0.341,0.818,-134,
1630214,Xavier Tillman,BOS,1610612738,33,26,7,0.788,230.90333333333336,34,43,7,11,5,14,0.245,0.156,0.75,-12,2546675.0
1642530,Yuki Kawamura,MEM,1610612763,22,17,5,0.773,92.66666666666669,36,12,19,2,0,5,0.367,0.304,0.778,27,
1641879,Yuri Collins,GSW,1610612744,2,2,0,1.0,16.3,2,3,4,2,0,0,0.333,0.0,0.0,-5,85300.0
1642274,Yves Missi,NOP,1610612740,73,19,54,0.26,1955.79,665,601,99,37,98,82,0.547,0.0,0.623,-514,3353040.0
1642258,Zaccharie Risacher,ATL,1610612737,75,38,37,0.507,1843.3866666666668,942,268,92,52,37,92,0.458,0.355,0.711,-121,13197720.0
1628380,Zach Collins,CHI,1610612741,64,34,30,0.531,977.06,407,288,111,29,29,60,0.507,0.302,0.885,-29,18080496.0
1641744,Zach Edey,MEM,1610612763,66,35,31,0.53,1415.765,610,548,65,36,85,88,0.58,0.346,0.709,164,6045000.0
203897,Zach LaVine,SAC,1610612758,74,32,42,0.432,2602.48,1724,315,310,58,12,208,0.511,0.446,0.825,-70,47499660.0
1630192,Zeke Nnaji,DEN,1610612743,57,36,21,0.632,607.9666666666667,184,90,23,25,38,14,0.496,0.327,0.614,-23,8177778.0
1630533,Ziaire Williams,BKN,1610612751,63,22,41,0.349,1541.4033333333334,632,287,84,62,28,67,0.412,0.341,0.821,-330,6250000.0
1629627,Zion Williamson,NOP,1610612740,30,10,20,0.333,857.2766666666666,737,216,159,37,27,90,0.567,0.231,0.656,-42,39446090.0
1642389,Zyon Pullin,MEM,1610612763,3,1,2,0.333,2.6016666666666666,0,0,0,0,0,0,0.0,0.0,0.0,1,85300.0
